Data,Sport,Rozgrywki,Mecz,Rynek,Pewnosc,Stawka,Kurs,Godzina,Status,Analiza
06.07.2026,Pilka,,Portugal-Spain typ- Spain,1X2,Pewny,150.0,1.85,-,WYGRANA,"Spain have looked more solid and better organised so far, especially at the back, and that gives them the edge in this matchup. Portugal can keep it competitive, but Spain still seem the more reliable side over 90 minutes. That makes the straight Spain win the cleanest angle here."
07.07.2026,Pilka,,Argentina vs Egypt,Under 2.5,Sredni,100.0,1.91,-,PRZEGRANA,"Argentina are still the stronger side on paper, but this does not look like a match that has to turn into an open, high-scoring game. Egypt should be more comfortable trying to keep things compact and survive in stages, which gives the under a better shape than chasing a bigger Argentina margin."
07.07.2026,Pilka,,Argentina-Egypt,1X2 - Gospodarze,Sredni,100.0,1.33,-,WYGRANA,"Argentina look like the stronger and more complete side here, with the market, previews and team news all pointing in the same direction. Egypt still have enough quality to make the game awkward in spells, but Argentina carry more control, more depth and the cleaner path to winning this in normal time."
07.07.2026,Pilka,,USA-Belgium,OVER/UNDER typ - Over2.5,Sredni,100.0,1.67,-,WYGRANA,"This looks like a very even game, but it also has the ingredients for goals rather than a slow, cautious battle. Both sides have enough attacking quality to create chances, and once the match opens up, the Over 2.5 line becomes very playable."
10.07.2026,Pilka,,Spain v Belgium,Under 2.5,Sredni,100.0,2.0,-,PRZEGRANA,"Spain have been the most reliable defensive side in the tournament, and that makes it hard to trust this game turning into another open Belgium shootout. Belgium’s recent scoring run looks a bit inflated by a wild game state against the USA, while Spain’s knockout profile points much more toward control than chaos."
11.07.2026,Pilka,,Norway vs England,1X2 - Gość,Ryzykowny,50.0,1.85,-,PRZEGRANA,"Norway are a tricky opponent, but across the tournament England have shown more depth, a better balance between attack and defence, and stronger game management in knockout football. With the odds around 1.85–1.95 offering a bit of value over simple qualification, the most likely scripts are narrow England wins in 90 minutes, which makes England to win in regular time a reasonable, but still risky, angle rather than any kind of banker."
11.07.2026,Tenis,,Muchová vs Nosková – Muchová to win,Zwycięzca meczu (ML),Ryzykowny,50.0,1.75,-,PRZEGRANA,"Muchova comes into this final with a very solid tournament profile, handling long rallies well and managing the tempo in big moments. Noskova has had a strong run, but over a longer match Muchova looks like the more stable player with a broader toolkit, so backing her to win makes sense at this price, even if it still sits in the risky bracket"
12.07.2026,Tenis,,Jannik Sinner v Alexander Zverev,Gemy — suma meczu: Over 39.5 gemów,Ryzykowny,50.0,2.0,-,WYGRANA,"Over 39.5 games looks like the best way to play this final: Sinner is a clear favourite, but Zverev has the serve, pedigree and five‑set experience to keep this close. With most realistic scripts pointing to at least four sets rather than a quick 3‑0, a long, high‑quality battle fits better than a blowout scoreline"
15.07.2026,Pilka,,England vs Argentina ,BTTS: Tak,Średni,100.0,1.91,-,WYGRANA,"Both England and Argentina have scored in every knockout match so far, with their games regularly going over 3 total goals. With elite attacks on both sides and a very balanced 1X2 market, a cagey 0–0 looks unlikely."
16.07.2026,Tenis,,Molcan vs Davidovich Fokina,Zwycięzca meczu: Davidovich Fokina,Ryzykowny,50.0,1.67,-,PRZEGRANA,"Davidovich Fokina is the more explosive clay player and the market’s pick at roughly 1.50–1.66, while Molcan is priced near 2.20 – I’m siding with Davidovich Fokina to take this."
16.07.2026,Tenis,,Dzumhur vs Arnaldi,Zwycięzca meczu: Arnaldi,Średni,100.0,1.5,-,PRZEGRANA,"Arnaldi already beat Dzumhur 6–3 6–4 on clay and comes in as a solid favourite around 1.48–1.50 – better clay stats, better H2H, I’m backing Arnaldi to win"
18.07.2026,Pilka,,France v England,Gole — suma meczu: Under 3.5 goli,Średni,100.0,1.7,-,PRZEGRANA,"Third-place games can be emotional, but the line of over 3.5 goals looks high here. Both teams are coming off painful semi-final defeats, the managers are expected to rotate, and France will be without William Saliba; multiple changes can reduce rhythm and cohesion."
19.07.2026,Pilka,,Kuressaare v Nomme Kalju,Zwycięzca meczu: Nomme Kalju,Średni,100.0,1.7,-,PRZEGRANA,.
19.07.2026,Pilka,,Ogre v Daugavpils,Podwójna szansa: X2,Średni,100.0,1.25,-,WYGRANA,.
19.07.2026,Pilka,,Dziugas Telsiai v Banga,Podwójna szansa: X2,Pewny,150.0,1.44,-,PRZEGRANA,.
19.07.2026,Pilka,,Harju JK Laagri v Paide,Podwójna szansa: X2,Pewny,150.0,1.35,-,PRZEGRANA,.
19.07.2026,Pilka,,Guarani SC v Blumenau,Zwycięzca meczu: Blumenau,Średni,100.0,1.75,-,PRZEGRANA,.
19.07.2026,Pilka,,Atletico Tubarao v Hercilio Luz,Podwójna szansa: X2,Pewny,150.0,1.22,-,WYGRANA,.
